{"cameraMode":{"drawMode":0,"name":"Shaded","section":"Shading Mode"},"sceneLighting":true,"audioPlay":false,"sceneViewState":{"m_AlwaysRefresh":false,"showFog":true,"showSkybox":true,"showFlares":true,"showImageEffects":true,"showParticleSystems":true,"showVisualEffectGraphs":true,"m_FxEnabled":true},"in2DMode":false,"pivot":{"x":0.9361932277679443,"y":0.8702590465545654,"z":0.22040271759033204},"rotation":{"x":-0.03749258443713188,"y":0.9618271589279175,"z":-0.17235124111175538,"w":-0.20923203229904176},"size":3.159543037414551,"orthographic":false}